-- phpMyAdmin SQL Dump
-- version 5.2.1
-- https://www.phpmyadmin.net/
--
-- Servidor: 127.0.0.1
-- Tiempo de generación: 06-11-2024 a las 04:20:43
-- Versión del servidor: 10.4.32-MariaDB
-- Versión de PHP: 8.2.12

SET SQL_MODE = "NO_AUTO_VALUE_ON_ZERO";
START TRANSACTION;
SET time_zone = "+00:00";


/*!40101 SET @OLD_CHARACTER_SET_CLIENT=@@CHARACTER_SET_CLIENT */;
/*!40101 SET @OLD_CHARACTER_SET_RESULTS=@@CHARACTER_SET_RESULTS */;
/*!40101 SET @OLD_COLLATION_CONNECTION=@@COLLATION_CONNECTION */;
/*!40101 SET NAMES utf8mb4 */;

--
-- Base de datos: `biblioteca`
--

-- --------------------------------------------------------

--
-- Estructura de tabla para la tabla `autores`
--

CREATE TABLE `autores` (
  `id_autor` int(11) NOT NULL,
  `nombre` varchar(100) NOT NULL,
  `nacionalidad` varchar(50) DEFAULT NULL,
  `fecha_nacimiento` date DEFAULT NULL
) ENGINE=InnoDB DEFAULT CHARSET=utf8mb4 COLLATE=utf8mb4_general_ci;

--
-- Volcado de datos para la tabla `autores`
--

INSERT INTO `autores` (`id_autor`, `nombre`, `nacionalidad`, `fecha_nacimiento`) VALUES
(1, 'Gabriel García Márquez', 'Colombiano', '1927-03-06'),
(2, 'J.K. Rowling', 'Británica', '1965-07-31'),
(3, 'George Orwell', 'Británica', '1903-06-25');

-- --------------------------------------------------------

--
-- Estructura de tabla para la tabla `categorias`
--

CREATE TABLE `categorias` (
  `ID_Categoria` int(11) NOT NULL,
  `Nombre_Categoria` varchar(100) NOT NULL
) ENGINE=InnoDB DEFAULT CHARSET=utf8mb4 COLLATE=utf8mb4_general_ci;

--
-- Volcado de datos para la tabla `categorias`
--

INSERT INTO `categorias` (`ID_Categoria`, `Nombre_Categoria`) VALUES
(1, 'Novela'),
(2, 'Ciencia Ficción'),
(3, 'Fantasía'),
(4, 'Ensayo');

-- --------------------------------------------------------

--
-- Estructura de tabla para la tabla `libros`
--

CREATE TABLE `libros` (
  `ID_Libro` int(11) NOT NULL,
  `Titulo` varchar(100) NOT NULL,
  `ID_Autor` int(11) DEFAULT NULL,
  `ID_Categoria` int(11) DEFAULT NULL,
  `Año_Publicacion` int(11) DEFAULT NULL,
  `Disponible` tinyint(1) DEFAULT 1
) ENGINE=InnoDB DEFAULT CHARSET=utf8mb4 COLLATE=utf8mb4_general_ci;

--
-- Volcado de datos para la tabla `libros`
--

INSERT INTO `libros` (`ID_Libro`, `Titulo`, `ID_Autor`, `ID_Categoria`, `Año_Publicacion`, `Disponible`) VALUES
(1, 'Cien Años de Soledad', 1, 1, 1967, 1),
(2, 'Harry Potter y la Piedra Filosofal', 2, 3, 1997, 1),
(3, 'La\r\nera de 1984\r\n', 3, 2, 1949, 1);

-- --------------------------------------------------------

--
-- Estructura de tabla para la tabla `prestamos`
--

CREATE TABLE `prestamos` (
  `ID_Prestamo` int(11) NOT NULL,
  `ID_Usuario` int(11) NOT NULL,
  `ID_Libro` int(11) NOT NULL,
  `Fecha_Prestamo` date NOT NULL,
  `Fecha_Devolucion` date NOT NULL
) ENGINE=InnoDB DEFAULT CHARSET=utf8mb4 COLLATE=utf8mb4_general_ci;

--
-- Volcado de datos para la tabla `prestamos`
--

INSERT INTO `prestamos` (`ID_Prestamo`, `ID_Usuario`, `ID_Libro`, `Fecha_Prestamo`, `Fecha_Devolucion`) VALUES
(1, 1, 1, '2024-08-01', '2204-08-15'),
(2, 2, 2, '2024-08-02', '2024-08-16');

-- --------------------------------------------------------

--
-- Estructura de tabla para la tabla `usuarios`
--

CREATE TABLE `usuarios` (
  `ID_Usuario` int(11) NOT NULL,
  `Nombre` varchar(100) NOT NULL,
  `Direccion` varchar(100) NOT NULL,
  `Telefono` int(10) NOT NULL
) ENGINE=InnoDB DEFAULT CHARSET=utf8mb4 COLLATE=utf8mb4_general_ci;

--
-- Volcado de datos para la tabla `usuarios`
--

INSERT INTO `usuarios` (`ID_Usuario`, `Nombre`, `Direccion`, `Telefono`) VALUES
(1, 'Carlos Martínez', 'Calle Luna', 123456789),
(2, 'Lucía Fernández', 'Avenida Sol', 987654321);

--
-- Índices para tablas volcadas
--

--
-- Indices de la tabla `autores`
--
ALTER TABLE `autores`
  ADD PRIMARY KEY (`id_autor`);

--
-- Indices de la tabla `categorias`
--
ALTER TABLE `categorias`
  ADD PRIMARY KEY (`ID_Categoria`);

--
-- Indices de la tabla `libros`
--
ALTER TABLE `libros`
  ADD PRIMARY KEY (`ID_Libro`),
  ADD KEY `ID_Autor` (`ID_Autor`),
  ADD KEY `ID_Categoria` (`ID_Categoria`);

--
-- Indices de la tabla `prestamos`
--
ALTER TABLE `prestamos`
  ADD PRIMARY KEY (`ID_Prestamo`);

--
-- Indices de la tabla `usuarios`
--
ALTER TABLE `usuarios`
  ADD PRIMARY KEY (`ID_Usuario`);

--
-- AUTO_INCREMENT de las tablas volcadas
--

--
-- AUTO_INCREMENT de la tabla `autores`
--
ALTER TABLE `autores`
  MODIFY `id_autor` int(11) NOT NULL AUTO_INCREMENT, AUTO_INCREMENT=4;

--
-- AUTO_INCREMENT de la tabla `categorias`
--
ALTER TABLE `categorias`
  MODIFY `ID_Categoria` int(11) NOT NULL AUTO_INCREMENT, AUTO_INCREMENT=5;

--
-- AUTO_INCREMENT de la tabla `libros`
--
ALTER TABLE `libros`
  MODIFY `ID_Libro` int(11) NOT NULL AUTO_INCREMENT, AUTO_INCREMENT=4;

--
-- AUTO_INCREMENT de la tabla `prestamos`
--
ALTER TABLE `prestamos`
  MODIFY `ID_Prestamo` int(11) NOT NULL AUTO_INCREMENT, AUTO_INCREMENT=3;

--
-- AUTO_INCREMENT de la tabla `usuarios`
--
ALTER TABLE `usuarios`
  MODIFY `ID_Usuario` int(11) NOT NULL AUTO_INCREMENT, AUTO_INCREMENT=3;

--
-- Restricciones para tablas volcadas
--

--
-- Filtros para la tabla `libros`
--
ALTER TABLE `libros`
  ADD CONSTRAINT `libros_ibfk_1` FOREIGN KEY (`ID_Autor`) REFERENCES `autores` (`id_autor`),
  ADD CONSTRAINT `libros_ibfk_2` FOREIGN KEY (`ID_Categoria`) REFERENCES `categorias` (`ID_Categoria`);
COMMIT;

/*!40101 SET CHARACTER_SET_CLIENT=@OLD_CHARACTER_SET_CLIENT */;
/*!40101 SET CHARACTER_SET_RESULTS=@OLD_CHARACTER_SET_RESULTS */;
/*!40101 SET COLLATION_CONNECTION=@OLD_COLLATION_CONNECTION */;
